{
  "transcripts": [
    {
      "confidence": -70.10415649414062,
      "words": [
        {
          "word": "\u064a\u064f\u062d\u0652\u0634\u064e\u0631\u064e",
          "start_time": 1.46,
          "duration": 3.02
        }
      ]
    },
    {
      "confidence": -73.47074890136719,
      "words": [
        {
          "word": "\u064a\u064f\u062d\u0652\u0634\u064e\u0631\u064f",
          "start_time": 1.46,
          "duration": 3.02
        }
      ]
    },
    {
      "confidence": -73.80302429199219,
      "words": [
        {
          "word": "\u0671\u0644\u0652\u0642\u064f\u0628\u064f\u0648\u0631\u0650",
          "start_time": 0.92,
          "duration": 3.56
        }
      ]
    }
  ]
}
